Couleur;iPhone 17;iPhone 17 Pro;iPhone 17 Pro Max;iPhone Air;iPhone 16e;iPhone 16 Pro Max;iPhone 16 Pro;iPhone 16 Plus;iPhone 16;iPhone 15 Pro Max;iPhone 15 Pro;iPhone 15 Plus;iPhone 15;iPhone 14 Pro Max;iPhone 14 Pro;iPhone 14 Plus;iPhone 14;iPhone SE 3;iPhone 13 Pro Max;iPhone 13 Pro;iPhone 13;iPhone 13 mini;iPhone 12 Pro Max;iPhone 12 Pro;iPhone 12;iPhone 12 Mini;iPhone 11 Pro Max;iPhone 11 Pro;iPhone 11;iPhone XR;iPhone SE 2;iPhone XS Max;iPhone XS;iPhone X;iPhone 8 Plus;iPhone 8
(PRODUCT) RED;;;;;;;;;;;;;;;;923-08388;923-08388;923-02007;;;923-05081;923-05081;;;923-05081;923-05081;;;923-02945;923-02945;923-02007;;;;;923-02005
Argent;;923-14003;923-14003;;;;;;;;;;;923-08429;923-08429;;;923-02007;923-06872;923-06872;;;923-05065;923-05065;;;923-03488;923-03488;;;923-02007;923-02834;923-02605;923-01950;923-02036;923-02007
Brume;923-13964;;;;;;;;;;;;;;;;;;;;;;;;;;;;;;;;;;;
Blanc;923-13964;;;;923-09818;;;923-11209;923-11209;;;;;;;;;923-02007;;;;;;;923-05081;923-05081;;;923-02945;923-02945;923-02007;;;;;
Blanc Nuage;;;;923-13878;;;;;;;;;;;;;;;;;;;;;;;;;;;;;;;;
Bleu;;;;;;;;;;;;923-09818;923-09818;;;923-08388;923-08388;;;;923-05081;923-05081;;;;923-05081;;;;923-02945;;;;;;
Bleu Alpin;;;;;;;;;;;;;;;;;;;923-06874;923-06874;;;;;;;;;;;;;;;;
Bleu Ciel;;;;923-13880;;;;;;;;;;;;;;;;;;;;;;;;;;;;;;;;
Bleu Intense;;923-14005;923-14005;;;;;;;;;;;;;;;;;;;;;;;;;;;;;;;;;
Bleu Pacifique;;;;;;;;;;;;;;;;;;;;;;;923-05064;923-05064;;;;;;;;;;;;
Corail;;;;;;;;;;;;;;;;;;;;;;;;;;;;;;923-02945;;;;;;
Graphite;;;;;;;;;;;;;;;;;;;923-06633;923-06633;;;923-05067;923-05067;;;;;;;;;;;;
Gris Sidéral;;;;;;;;;;;;;;;;;;923-02005;;;;;;;;;923-03487;923-03487;;;923-02005;923-02833;923-02604;923-01974;923-02035;923-02005
Jaune;;;;;;;;;;;;923-09818;923-09818;;;;;;;;;;;;;;;;;923-02945;;;;;;
Lavande;923-13964;;;;;;;;;;;;;;;;;;;;;;;;;;;;923-02945;;;;;;;
Lumiere Stellaire;;;;;;;;;;;;;;;;923-08388;923-08388;923-02007;;;923-05081;923-05081;;;;;;;;;923-02007;;;;;
Mauve;;;;;;;;;;;;;;;;;;;;;;;;;923-05081;923-05081;;;923-02945;;;;;;;
Minuit;;;;;;;;;;;;;;;;923-08387;923-08387;923-02005;;;923-05080;923-05080;;;;;;;;;923-02005;;;;;
Noir;923-13963;;;;923-09817;;;923-11208;923-11208;;;923-09817;923-09817;;;;;923-02005;;;;;;;923-05080;923-05080;;;923-02944;923-02944;923-02005;;;;;
Noir Sidéral;;;;923-13877;;;;;;;;;;923-08428;923-08428;;;;;;;;;;;;;;;;923-02008;;;;;
Or;;;;;;;;;;;;;;923-08430;923-08430;;;923-02008;923-06873;923-06873;;;923-05066;923-05066;;;923-03489;923-03489;;;;923-02673;923-02605 ;;923-02037;923-02008
Or Clair;;;;923-13879;;;;;;;;;;;;;;;;;;;;;;;;;;;;;;;;
Orange Cosmique;;923-14004;923-14004;;;;;;;;;;;;;;;;;;;;;;;;;;;;;;;;;
outremer;;;;;;;;923-11209;923-11209;;;;;;;;;;;;;;;;;;;;;;;;;;;
Rose;;;;;;;;923-11209;923-11209;;;923-09818;923-09818;;;;;;;;923-05081;923-05081;;;;;;;;;;;;;;
Sarcelle;;;;;;;;923-11209;923-11209;;;;;;;;;;;;;;;;;;;;;;;;;;;
Sauge;923-13964;;;;;;;;;;;;;;;;;;;;;;;;;;;;;;;;;;;
Titane Blanc;;;;;;923-11119;923-11119;;;923-09652;923-09652;;;;;;;;;;;;;;;;;;;;;;;;;
Titane Bleu;;;;;;;;;;923-09654;923-09654;;;;;;;;;;;;;;;;;;;;;;;;;
Titane Naturel;;;;;;923-11121;923-11121;;;;;;;;;;;;;;;;;;;;;;;;;;;;;
Titane Noir;;;;;;923-11118;923-11118;;;923-09651;923-09651;;;;;;;;;;;;;;;;;;;;;;;;;
Titane Sable;;;;;;923-11120;923-11120;;;923-09653;923-09653;;;;;;;;;;;;;;;;;;;;;;;;;
Vert;;;;;;;;;;;;923-09818;923-09818;;;;;;;;923-05081;923-05081;;;923-05081;923-05081;;;;;;;;;;
Vert Alpin;;;;;;;;;;;;;;;;;;;923-07197;923-07197;;;;;;;;;923-02945;;;;;;;
Vert Nuit;;;;;;;;;;;;;;;;;;;;;;;;;;;923-03487;923-03487;;;;;;;;
Violet;;;;;;;;;;;;;;;;923-08388;923-08388;;;;;;;;;;;;;;;;;;;
Violet Foncé;;;;;;;;;;;;;;923-08431;923-08431;;;;;;;;;;;;;;;;;;;;;